Reference ID,Product URL,Product Title,Keyword,sku,Product ID,Sponsored Rank,Organic Rank,Is Top 24 Advertised
0024,https://www.ebay.com.au/itm/186952629545,"Stelive 200ML Essential Oil Diffuser, Ultrasonic Aromatherapy Diffuser",diffuser,SLOD02L220,186952629545,P1 - 51 / 70,No,No
0076,https://www.ebay.com.au/itm/186790415920,Stelive 1000W Smoothie Maker Portable Blender Bottle Juice Shaker Fruit Juicer,commercial blender,SLJL1KW500,186790415920,P1 - 38 / 70,No,No
0092,https://www.ebay.com.au/itm/186784352636,"TOPEX Smart Vehicle Battery Charger, 2A 6V/10A 12V Battery Charger Maintainer",12v battery charger,TXBC10A460-10A,186784352636,P1 - 39 / 70,No,No
0115,https://www.ebay.com.au/itm/186704227004,Stelive Ergonomic Back Cushion Lumbar Support Cushion Memory Foam Support Pillow,ergonomic back cushion,SLSC450301,186704227004,P2 - 56 / 62,No,No
0125,https://www.ebay.com.au/itm/186621342953,MasterSpec 5-Tier Garage Shelf 1500x700x300mm Warehouse Rack Storage Rack,warehouse rack,MSSU150092,186621342953,P1 - 36 / 69,No,No
0128,https://www.ebay.com.au/itm/186621342953,MasterSpec 5-Tier Garage Shelf 1500x700x300mm Warehouse Rack Storage Rack,garage shelf,MSSU150092,186621342953,P1 - 39 / 66,No,No
0138,https://www.ebay.com.au/itm/186557922091,Stelive 2-Tier Dish Drying Rack Dish Drainer Cutlery Holder Dish Storage Rack,drying rack dishes,SLDR2LY110,186557922091,P1 - 47 / 70,No,No
0140,https://www.ebay.com.au/itm/186557922091,Stelive 2-Tier Dish Drying Rack Dish Drainer Cutlery Holder Dish Storage Rack,2 tier dish drying rack,SLDR2LY110,186557922091,P1 - 37 / 70,No,No
0149,https://www.ebay.com.au/itm/186441058466,Monika Smart Scale for Body Weight Fat Muscle Mass Bluetooth with Smartphone App,bathroom scale,MKSSBMI101,186441058466,P1 - 24 / 70,No,No
0160,https://www.ebay.com.au/itm/186430602097,TOPEX 13Pcs Drill Socket Adapter Set Impact Socket Adapters Socket Extensions,socket set,TXSA13S254,186430602097,P2 - 45 / 62,No,No
0166,https://www.ebay.com.au/itm/186430602097,TOPEX 13Pcs Drill Socket Adapter Set Impact Socket Adapters Socket Extensions,socket set,TXSA13S254,186430602097,P2 - 44 / 62,No,No
0185,https://www.ebay.com.au/itm/186400059405,Topex 3in1 200W Electric Finishing Sander Sanding Tool 6 Speeds 3 Sanding Base,random orbital sander,TXES3N1098,186400059405,P1 - 47 / 70,No,No
0186,https://www.ebay.com.au/itm/186400059405,Topex 3in1 200W Electric Finishing Sander Sanding Tool 6 Speeds 3 Sanding Base,sander electric,TXES3N1098,186400059405,P1 - 38 / 70,No,No
0188,https://www.ebay.com.au/itm/186400059405,Topex 3in1 200W Electric Finishing Sander Sanding Tool 6 Speeds 3 Sanding Base,sander,TXES3N1098,186400059405,P1 - 39 / 70,No,No
0189,https://www.ebay.com.au/itm/186400059405,Topex 3in1 200W Electric Finishing Sander Sanding Tool 6 Speeds 3 Sanding Base,sander,TXES3N1098,186400059405,P1 - 40 / 70,No,No
0190,https://www.ebay.com.au/itm/186400059405,Topex 3in1 200W Electric Finishing Sander Sanding Tool 6 Speeds 3 Sanding Base,electric sander,TXES3N1098,186400059405,P1 - 37 / 70,No,No
0194,https://www.ebay.com.au/itm/185487539412,Monika Pink Tool Combo Portable Household Tool Set & Piece Gardening Tool Kit,hand tool sets,MK012MK014,185487539412,P1 - 39 / 69,No,No
0233,https://www.ebay.com.au/itm/186312083773,Stelive 56 PCs Clear Food Storage Container Set Leak Proof Lunch Boxes BPA-Free,food storage containers,SLFC56P101,186312083773,P1 - 41 / 70,No,No
0254,https://www.ebay.com.au/itm/186133583556,TOPEX 20V Cordless Garden Tool Kit Chainsaw Hedge & GrassTrimmer Leaf Blower,power tools garden,TX516,186133583556,P1 - 26 / 62,No,No
0332,https://www.ebay.com.au/itm/185374333818,"50-400pcs 125mm 5"" Professional Cutting Wheels Discs 2 in1 Steel Inox Ultra Thin",cutting discs,TXCTD125M022,185374333818,P1 - 28 / 69,No,No
0348,https://www.ebay.com.au/itm/186704238905,TOPEX 16-In-1 Multitool Plier Multi Tool & Folding Knife Set with Safety Locking,multitool,TXMK2PC059,186704238905,P1 - 38 / 70,No,No
0356,https://www.ebay.com.au/itm/186557922091,Stelive 2-Tier Dish Drying Rack Dish Drainer Cutlery Holder Dish Storage Rack,dish rack,SLDR2LY110,186557922091,P1 - 47 / 70,No,No
0368,https://www.ebay.com.au/itm/186430602097,TOPEX 13Pcs Drill Socket Adapter Set Impact Socket Adapters Socket Extensions,1/4 inch socket set,TXSA13S254,186430602097,P1 - 29 / 62,No,No
0371,https://www.ebay.com.au/itm/186400077011,"TOPEX 12V Cordless Impact Wrench with 3/8-Inch Chuck,Torque Max 120 N.m, 6 Socks",3/8 mini impact wrench battery,TXIW12V230,186400077011,P1 - 58 / 70,No,No
0393,https://www.ebay.com.au/itm/185725772967,Monika 5In1 Electric Stick Blender Handheld Mixer Chopper Stainless Steel Whisk,electric mixer,MKSB700051,185725772967,P1 - 37 / 70,No,No
0401,https://www.ebay.com.au/itm/185180081889,TOPEX Water Pump Submersible Sump Pump Water hose Swim Pool Flooding Pond Clean,water pump 240v,TXDP750W132,185180081889,P1 - 36 / 69,No,No
